{"r2_score": 0.10608077049255371, "mae": 0.9669893383979797, "rmse": 1.3036445972265565}