{"loss": [7.4159369468688965, 2.7934679985046387, 2.159660816192627, 1.9408410787582397, 1.899113655090332, 1.8689745664596558, 1.8386073112487793, 1.8290188312530518, 1.8444907665252686, 1.8338851928710938, 1.8213835954666138, 1.8283971548080444, 1.8268171548843384, 1.8028826713562012, 1.8199682235717773, 1.806069254875183, 1.7977018356323242, 1.809198260307312, 1.7950111627578735, 1.793688178062439, 1.7885462045669556, 1.794346809387207, 1.791045069694519, 1.7938121557235718, 1.799824595451355, 1.7874823808670044, 1.7904391288757324, 1.794012427330017, 1.7877148389816284, 1.764026165008545, 1.7579340934753418, 1.7546769380569458, 1.75453519821167, 1.7538360357284546, 1.7576512098312378, 1.7531119585037231, 1.7518668174743652, 1.7560664415359497, 1.7551518678665161, 1.7548460960388184, 1.7558051347732544, 1.75495445728302, 1.7506325244903564, 1.756174087524414, 1.7494087219238281, 1.7560259103775024, 1.751641035079956, 1.7527992725372314, 1.7505528926849365, 1.7509182691574097, 1.7535440921783447, 1.7517378330230713, 1.7496479749679565, 1.7529668807983398, 1.7555011510849, 1.7517338991165161, 1.7533732652664185, 1.7530423402786255, 1.7495050430297852, 1.756561279296875, 1.7531145811080933, 1.7506396770477295, 1.7528624534606934, 1.7506771087646484, 1.750643253326416, 1.7509663105010986, 1.7555736303329468, 1.7520195245742798, 1.7550067901611328, 1.7534675598144531, 1.750637173652649, 1.739446759223938, 1.7355880737304688, 1.7353402376174927, 1.733939528465271, 1.73292875289917, 1.7357594966888428, 1.7311861515045166, 1.7332004308700562, 1.7350331544876099, 1.729659914970398, 1.733036994934082, 1.730576515197754, 1.734222412109375, 1.725013017654419, 1.7245285511016846, 1.72248113155365, 1.7216287851333618, 1.7240225076675415, 1.7193740606307983, 1.7218989133834839, 1.7198617458343506, 1.7206947803497314, 1.7224452495574951, 1.7204495668411255, 1.7210540771484375, 1.720564842224121, 1.7197155952453613, 1.7202390432357788, 1.7221009731292725], "val_loss": [3.39959979057312, 2.3650319576263428, 1.962225317955017, 1.873297095298767, 1.858271598815918, 1.8144227266311646, 1.8065524101257324, 1.8002843856811523, 1.807661771774292, 1.792885422706604, 1.8175970315933228, 1.7907227277755737, 1.7940356731414795, 1.7804127931594849, 1.7962483167648315, 1.7714279890060425, 1.7661423683166504, 1.781113862991333, 1.7573567628860474, 1.7565045356750488, 1.7491942644119263, 1.775862216949463, 1.7626303434371948, 1.77827787399292, 1.7670321464538574, 1.7765649557113647, 1.7687978744506836, 1.7609076499938965, 1.7669044733047485, 1.7455440759658813, 1.7300910949707031, 1.7286932468414307, 1.7380732297897339, 1.7326581478118896, 1.7357666492462158, 1.7316889762878418, 1.7277082204818726, 1.729088306427002, 1.7294503450393677, 1.7356550693511963, 1.7340350151062012, 1.7296700477600098, 1.7285490036010742, 1.7299848794937134, 1.7273685932159424, 1.7447221279144287, 1.7279754877090454, 1.726876974105835, 1.7270827293395996, 1.7381559610366821, 1.72922682762146, 1.731202483177185, 1.7307344675064087, 1.7266052961349487, 1.7296104431152344, 1.730738639831543, 1.7282683849334717, 1.7257791757583618, 1.727839708328247, 1.7295984029769897, 1.7316697835922241, 1.728972315788269, 1.725311040878296, 1.7365422248840332, 1.7263129949569702, 1.735381007194519, 1.730566143989563, 1.7330797910690308, 1.7313958406448364, 1.7293365001678467, 1.7295539379119873, 1.7199350595474243, 1.716331958770752, 1.7195957899093628, 1.713295340538025, 1.7127797603607178, 1.7163817882537842, 1.717771291732788, 1.715368390083313, 1.7150170803070068, 1.7185214757919312, 1.716375708580017, 1.717581868171692, 1.7149927616119385, 1.7098095417022705, 1.7094417810440063, 1.7073324918746948, 1.7073736190795898, 1.7063860893249512, 1.7053927183151245, 1.7080847024917603, 1.709118366241455, 1.705012559890747, 1.703381896018982, 1.7068202495574951, 1.7051851749420166, 1.7050774097442627, 1.7048624753952026, 1.7035300731658936, 1.7036046981811523], "mae": [1.2300266027450562, 1.0290935039520264, 1.0032176971435547, 0.9941378831863403, 0.9911728501319885, 0.9903658032417297, 0.9852698445320129, 0.9849686026573181, 0.9857125878334045, 0.9872621893882751, 0.9847548007965088, 0.9876255989074707, 0.9893473982810974, 0.9833658933639526, 0.9864177703857422, 0.9852120280265808, 0.9840479493141174, 0.9857408404350281, 0.9842861294746399, 0.9841800332069397, 0.9837265610694885, 0.9826353788375854, 0.9822669625282288, 0.9832183718681335, 0.9819666743278503, 0.9829690456390381, 0.9832825660705566, 0.9842324256896973, 0.9834824204444885, 0.980131208896637, 0.9804862141609192, 0.9786077737808228, 0.9789528846740723, 0.9802565574645996, 0.9799344539642334, 0.9785805344581604, 0.9798204898834229, 0.980598509311676, 0.9805521368980408, 0.9791255593299866, 0.9801157712936401, 0.9799821376800537, 0.9788787364959717, 0.9807180762290955, 0.9784242510795593, 0.9808736443519592, 0.9794570803642273, 0.9799566864967346, 0.9793350696563721, 0.9794182777404785, 0.9788833260536194, 0.9789637327194214, 0.9787607192993164, 0.9790934920310974, 0.9798092246055603, 0.9793505072593689, 0.9796311855316162, 0.9811503887176514, 0.9798391461372375, 0.9802830219268799, 0.9805088043212891, 0.9795914888381958, 0.9805459976196289, 0.9796966910362244, 0.979019284248352, 0.9798170328140259, 0.9812310934066772, 0.9798420071601868, 0.9819232821464539, 0.98026043176651, 0.979068398475647, 0.9774585366249084, 0.9772180914878845, 0.9782657623291016, 0.9774629473686218, 0.9776217341423035, 0.9777151942253113, 0.9770599603652954, 0.9773569703102112, 0.9779701828956604, 0.9768833518028259, 0.9766602516174316, 0.9764750599861145, 0.9773751497268677, 0.9758467674255371, 0.9761592149734497, 0.9754599928855896, 0.9747436046600342, 0.9764928221702576, 0.9754502773284912, 0.9756751656532288, 0.9750739336013794, 0.9755057692527771, 0.9765633344650269, 0.97499018907547, 0.9753586649894714, 0.9754899740219116, 0.9757550358772278, 0.9757206439971924, 0.9767258167266846], "val_mae": [1.170565128326416, 1.0565026998519897, 0.9987123608589172, 0.9777659177780151, 1.0005775690078735, 0.9781818389892578, 0.9665585160255432, 0.9655760526657104, 0.9724553227424622, 0.959608793258667, 0.9764721989631653, 0.9810413122177124, 0.9826269745826721, 0.9576841592788696, 0.9794958829879761, 0.9647894501686096, 0.9631310105323792, 0.9691264033317566, 0.9736295342445374, 0.9727870225906372, 0.9688963890075684, 0.963966965675354, 0.9719908833503723, 0.9677428603172302, 0.9701254963874817, 0.9742283225059509, 0.9791024923324585, 0.9686094522476196, 0.9740207195281982, 0.9575318098068237, 0.961807131767273, 0.9538859724998474, 0.9663516879081726, 0.9564740061759949, 0.9635734558105469, 0.9577915668487549, 0.96312016248703, 0.9636036157608032, 0.9649879932403564, 0.9670092463493347, 0.9591891169548035, 0.9661827087402344, 0.9539664387702942, 0.9583296179771423, 0.9594449996948242, 0.9634758234024048, 0.9572601914405823, 0.9622141122817993, 0.9637791514396667, 0.9603727459907532, 0.9627066254615784, 0.9515304565429688, 0.9591482281684875, 0.9602913856506348, 0.9554848670959473, 0.9658892750740051, 0.9556671977043152, 0.9588770270347595, 0.9667287468910217, 0.9590827226638794, 0.9569498300552368, 0.9589614868164062, 0.9572296738624573, 0.9636537432670593, 0.9570086598396301, 0.9562474489212036, 0.9604885578155518, 0.9669916033744812, 0.9611073732376099, 0.9583759903907776, 0.9615359306335449, 0.957252025604248, 0.9579130411148071, 0.9591034054756165, 0.9544140100479126, 0.9544801115989685, 0.9555111527442932, 0.959762692451477, 0.9533019661903381, 0.9592005014419556, 0.9564124345779419, 0.9603654146194458, 0.953361451625824, 0.9576900601387024, 0.9583610892295837, 0.9588515162467957, 0.955742359161377, 0.956935703754425, 0.9571322202682495, 0.9603478908538818, 0.9572684168815613, 0.9573238492012024, 0.9604024291038513, 0.9594154953956604, 0.9605806469917297, 0.9548147916793823, 0.9572023153305054, 0.959790825843811, 0.957958459854126, 0.9568213224411011]}